lang;descr;run_1;run_2;run_3;run_4;run_5;run_6;run_7;run_8;run_9
C++;;0.034933832;0.034824822;0.03865264;0.3398688;0.34375775;0.35000382;3.3801292;3.3659411;3.4317695
Python;;0.032180070877;0.0366318225861;0.0321669578552;0.368000268936;0.359786987304;0.368857860564;3.69597816468;3.75072097778;3.72896695137
Scala;;0.160876058;0.159565373;0.160667434;0.595921473;0.590385004;0.611168305;7.824322326;6.407910315;6.142557337
