lang;descr;run_1;run_2;run_3;run_4;run_5;run_6;run_7;run_8;run_9
C++;;0.0119665;0.0120142;0.0130746;0.11032;0.119081;0.12418;1.13387;1.11489;1.17713
Python;;0.0196611881256;0.0206549167633;0.0196561813354;0.245341062546;0.23948097229;0.243720054626;2.49820113182;2.54745006561;2.52931594849
Scala;;0.046983716;0.04676824;0.047628365;0.23785117;0.226948665;0.228401265;3.385475708;2.596994557;2.365670133
