lang;descr;run_1;run_2;run_3;run_4;run_5;run_6;run_7;run_8;run_9
C++;;3.3535457;3.4631433;3.3524423;3.4060221;3.3853056;3.346425;3.3965222;3.3583852;3.3362843
python;;3.74080729485;3.79393029212;3.78432321549;3.79619884491;3.80008220673;3.78843498231;3.72554588318;3.76838803292;3.9573700428
Scala;;6.062577921;6.06798695;7.651468356;7.465602042;6.158941074;6.25432801;6.126289074;7.890463231;6.440117262
