lang;descr;run_1;run_2;run_3;run_4;run_5;run_6;run_7;run_8;run_9
C++;;0.00337513;0.000999677;0.000988614;0.0303947;0.0085557;0.00871389;0.297075;0.0651783;0.0637155
python;;0.000425100326538;0.000667095184326;0.000375986099243;0.00372815132141;0.00198006629944;0.00272703170776;0.0174810886383;0.0196490287781;0.0171258449554
Scala;;0.064572587;0.047872806;0.047711444;0.076712434;0.076096952;0.078412523;0.251555803;0.253403136;0.256546276
