lang;descr;run_1;run_2;run_3;run_4;run_5;run_6;run_7;run_8;run_9
C++;;0.0220392;0.0219586;0.0244954;0.217978;0.215986;0.216082;2.18116;2.1861;2.191
Python;;0.0122010707855;0.0153729915619;0.012188911438;0.119878053665;0.11826300621;0.122630834579;1.17878699303;1.18585991859;1.18238902092
Scala;;0.065839727;0.065015422;0.0652534;0.281364726;0.286154531;0.305590062;4.1219637;3.559245496;3.523093094
